<annotation>
	<folder>train</folder>
	<filename>apple_42.jpg</filename>
	<path>C:\tensorflow1\models\research\object_detection\images\train\apple_42.jpg</path>
	<source>
		<database>Unknown</database>
	</source>
	<size>
		<width>500</width>
		<height>500</height>
		<depth>3</depth>
	</size>
	<segmented>0</segmented>
	<object>
		<name>apple</name>
		<pose>Unspecified</pose>
		<truncated>0</truncated>
		<difficult>0</difficult>
		<bndbox>
			<xmin>39</xmin>
			<ymin>55</ymin>
			<xmax>445</xmax>
			<ymax>474</ymax>
		</bndbox>
	</object>
</annotation>
