<annotation>
	<folder>train</folder>
	<filename>apple_28.jpg</filename>
	<path>C:\tensorflow1\models\research\object_detection\images\train\apple_28.jpg</path>
	<source>
		<database>Unknown</database>
	</source>
	<size>
		<width>300</width>
		<height>300</height>
		<depth>3</depth>
	</size>
	<segmented>0</segmented>
	<object>
		<name>apple</name>
		<pose>Unspecified</pose>
		<truncated>0</truncated>
		<difficult>0</difficult>
		<bndbox>
			<xmin>25</xmin>
			<ymin>42</ymin>
			<xmax>275</xmax>
			<ymax>297</ymax>
		</bndbox>
	</object>
</annotation>
