<annotation>
	<folder>train</folder>
	<filename>apple_8.jpg</filename>
	<path>C:\tensorflow1\models\research\object_detection\images\train\apple_8.jpg</path>
	<source>
		<database>Unknown</database>
	</source>
	<size>
		<width>238</width>
		<height>168</height>
		<depth>3</depth>
	</size>
	<segmented>0</segmented>
	<object>
		<name>apple</name>
		<pose>Unspecified</pose>
		<truncated>0</truncated>
		<difficult>0</difficult>
		<bndbox>
			<xmin>67</xmin>
			<ymin>8</ymin>
			<xmax>222</xmax>
			<ymax>155</ymax>
		</bndbox>
	</object>
</annotation>
