<annotation>
	<folder>train</folder>
	<filename>apple_1.jpg</filename>
	<path>C:\tensorflow1\models\research\object_detection\images\train\apple_1.jpg</path>
	<source>
		<database>Unknown</database>
	</source>
	<size>
		<width>349</width>
		<height>349</height>
		<depth>3</depth>
	</size>
	<segmented>0</segmented>
	<object>
		<name>apple</name>
		<pose>Unspecified</pose>
		<truncated>0</truncated>
		<difficult>0</difficult>
		<bndbox>
			<xmin>8</xmin>
			<ymin>15</ymin>
			<xmax>331</xmax>
			<ymax>349</ymax>
		</bndbox>
	</object>
</annotation>
