<annotation>
	<folder>train</folder>
	<filename>apple_37.jpg</filename>
	<path>C:\tensorflow1\models\research\object_detection\images\train\apple_37.jpg</path>
	<source>
		<database>Unknown</database>
	</source>
	<size>
		<width>389</width>
		<height>352</height>
		<depth>3</depth>
	</size>
	<segmented>0</segmented>
	<object>
		<name>apple</name>
		<pose>Unspecified</pose>
		<truncated>0</truncated>
		<difficult>0</difficult>
		<bndbox>
			<xmin>36</xmin>
			<ymin>48</ymin>
			<xmax>323</xmax>
			<ymax>334</ymax>
		</bndbox>
	</object>
</annotation>
