<annotation>
	<folder>train</folder>
	<filename>apple_17.jpg</filename>
	<path>C:\tensorflow1\models\research\object_detection\images\train\apple_17.jpg</path>
	<source>
		<database>Unknown</database>
	</source>
	<size>
		<width>700</width>
		<height>800</height>
		<depth>3</depth>
	</size>
	<segmented>0</segmented>
	<object>
		<name>apple</name>
		<pose>Unspecified</pose>
		<truncated>0</truncated>
		<difficult>0</difficult>
		<bndbox>
			<xmin>113</xmin>
			<ymin>258</ymin>
			<xmax>583</xmax>
			<ymax>700</ymax>
		</bndbox>
	</object>
</annotation>
