<annotation>
	<folder>test</folder>
	<filename>apple_92.jpg</filename>
	<path>C:\tensorflow1\models\research\object_detection\images\test\apple_92.jpg</path>
	<source>
		<database>Unknown</database>
	</source>
	<size>
		<width>600</width>
		<height>600</height>
		<depth>3</depth>
	</size>
	<segmented>0</segmented>
	<object>
		<name>apple</name>
		<pose>Unspecified</pose>
		<truncated>0</truncated>
		<difficult>0</difficult>
		<bndbox>
			<xmin>77</xmin>
			<ymin>74</ymin>
			<xmax>540</xmax>
			<ymax>518</ymax>
		</bndbox>
	</object>
</annotation>
