<annotation>
	<folder>train</folder>
	<filename>banana_25.jpg</filename>
	<path>C:\tensorflow1\models\research\object_detection\images\train\banana_25.jpg</path>
	<source>
		<database>Unknown</database>
	</source>
	<size>
		<width>331</width>
		<height>505</height>
		<depth>3</depth>
	</size>
	<segmented>0</segmented>
	<object>
		<name>banana</name>
		<pose>Unspecified</pose>
		<truncated>0</truncated>
		<difficult>0</difficult>
		<bndbox>
			<xmin>26</xmin>
			<ymin>340</ymin>
			<xmax>318</xmax>
			<ymax>456</ymax>
		</bndbox>
	</object>
</annotation>
