<annotation>
	<folder>train</folder>
	<filename>banana_57.jpg</filename>
	<path>C:\tensorflow1\models\research\object_detection\images\train\banana_57.jpg</path>
	<source>
		<database>Unknown</database>
	</source>
	<size>
		<width>2569</width>
		<height>4605</height>
		<depth>3</depth>
	</size>
	<segmented>0</segmented>
	<object>
		<name>banana</name>
		<pose>Unspecified</pose>
		<truncated>0</truncated>
		<difficult>0</difficult>
		<bndbox>
			<xmin>10</xmin>
			<ymin>625</ymin>
			<xmax>2466</xmax>
			<ymax>4515</ymax>
		</bndbox>
	</object>
</annotation>
