<annotation>
	<folder>train</folder>
	<filename>banana_35.jpg</filename>
	<path>C:\tensorflow1\models\research\object_detection\images\train\banana_35.jpg</path>
	<source>
		<database>Unknown</database>
	</source>
	<size>
		<width>312</width>
		<height>210</height>
		<depth>3</depth>
	</size>
	<segmented>0</segmented>
	<object>
		<name>banana</name>
		<pose>Unspecified</pose>
		<truncated>0</truncated>
		<difficult>0</difficult>
		<bndbox>
			<xmin>74</xmin>
			<ymin>83</ymin>
			<xmax>243</xmax>
			<ymax>191</ymax>
		</bndbox>
	</object>
</annotation>
