<annotation>
	<folder>train</folder>
	<filename>banana_75.jpg</filename>
	<path>C:\tensorflow1\models\research\object_detection\images\train\banana_75.jpg</path>
	<source>
		<database>Unknown</database>
	</source>
	<size>
		<width>581</width>
		<height>374</height>
		<depth>3</depth>
	</size>
	<segmented>0</segmented>
	<object>
		<name>banana</name>
		<pose>Unspecified</pose>
		<truncated>0</truncated>
		<difficult>0</difficult>
		<bndbox>
			<xmin>144</xmin>
			<ymin>46</ymin>
			<xmax>340</xmax>
			<ymax>291</ymax>
		</bndbox>
	</object>
</annotation>
