<annotation>
	<folder>train</folder>
	<filename>banana_60.jpg</filename>
	<path>C:\tensorflow1\models\research\object_detection\images\train\banana_60.jpg</path>
	<source>
		<database>Unknown</database>
	</source>
	<size>
		<width>900</width>
		<height>700</height>
		<depth>3</depth>
	</size>
	<segmented>0</segmented>
	<object>
		<name>banana</name>
		<pose>Unspecified</pose>
		<truncated>0</truncated>
		<difficult>0</difficult>
		<bndbox>
			<xmin>11</xmin>
			<ymin>43</ymin>
			<xmax>592</xmax>
			<ymax>448</ymax>
		</bndbox>
	</object>
	<object>
		<name>banana</name>
		<pose>Unspecified</pose>
		<truncated>0</truncated>
		<difficult>0</difficult>
		<bndbox>
			<xmin>24</xmin>
			<ymin>174</ymin>
			<xmax>599</xmax>
			<ymax>657</ymax>
		</bndbox>
	</object>
</annotation>
