<annotation>
	<folder>test</folder>
	<filename>banana_87.jpg</filename>
	<path>C:\tensorflow1\models\research\object_detection\images\test\banana_87.jpg</path>
	<source>
		<database>Unknown</database>
	</source>
	<size>
		<width>824</width>
		<height>325</height>
		<depth>3</depth>
	</size>
	<segmented>0</segmented>
	<object>
		<name>banana</name>
		<pose>Unspecified</pose>
		<truncated>0</truncated>
		<difficult>0</difficult>
		<bndbox>
			<xmin>383</xmin>
			<ymin>3</ymin>
			<xmax>596</xmax>
			<ymax>308</ymax>
		</bndbox>
	</object>
	<object>
		<name>banana</name>
		<pose>Unspecified</pose>
		<truncated>0</truncated>
		<difficult>0</difficult>
		<bndbox>
			<xmin>265</xmin>
			<ymin>15</ymin>
			<xmax>513</xmax>
			<ymax>276</ymax>
		</bndbox>
	</object>
	<object>
		<name>banana</name>
		<pose>Unspecified</pose>
		<truncated>0</truncated>
		<difficult>0</difficult>
		<bndbox>
			<xmin>516</xmin>
			<ymin>52</ymin>
			<xmax>762</xmax>
			<ymax>315</ymax>
		</bndbox>
	</object>
	<object>
		<name>banana</name>
		<pose>Unspecified</pose>
		<truncated>0</truncated>
		<difficult>0</difficult>
		<bndbox>
			<xmin>639</xmin>
			<ymin>42</ymin>
			<xmax>819</xmax>
			<ymax>325</ymax>
		</bndbox>
	</object>
</annotation>
