<annotation>
	<folder>train</folder>
	<filename>banana_72.jpg</filename>
	<path>C:\tensorflow1\models\research\object_detection\images\train\banana_72.jpg</path>
	<source>
		<database>Unknown</database>
	</source>
	<size>
		<width>2000</width>
		<height>1332</height>
		<depth>3</depth>
	</size>
	<segmented>0</segmented>
	<object>
		<name>banana</name>
		<pose>Unspecified</pose>
		<truncated>0</truncated>
		<difficult>0</difficult>
		<bndbox>
			<xmin>57</xmin>
			<ymin>215</ymin>
			<xmax>1711</xmax>
			<ymax>1112</ymax>
		</bndbox>
	</object>
	<object>
		<name>banana</name>
		<pose>Unspecified</pose>
		<truncated>0</truncated>
		<difficult>0</difficult>
		<bndbox>
			<xmin>478</xmin>
			<ymin>264</ymin>
			<xmax>1991</xmax>
			<ymax>1332</ymax>
		</bndbox>
	</object>
	<object>
		<name>banana</name>
		<pose>Unspecified</pose>
		<truncated>1</truncated>
		<difficult>0</difficult>
		<bndbox>
			<xmin>1</xmin>
			<ymin>189</ymin>
			<xmax>1594</xmax>
			<ymax>768</ymax>
		</bndbox>
	</object>
</annotation>
