<annotation>
	<folder>train</folder>
	<filename>mixed_16.jpg</filename>
	<path>C:\tensorflow1\models\research\object_detection\images\train\mixed_16.jpg</path>
	<source>
		<database>Unknown</database>
	</source>
	<size>
		<width>439</width>
		<height>417</height>
		<depth>3</depth>
	</size>
	<segmented>0</segmented>
	<object>
		<name>orange</name>
		<pose>Unspecified</pose>
		<truncated>0</truncated>
		<difficult>0</difficult>
		<bndbox>
			<xmin>253</xmin>
			<ymin>87</ymin>
			<xmax>426</xmax>
			<ymax>259</ymax>
		</bndbox>
	</object>
	<object>
		<name>banana</name>
		<pose>Unspecified</pose>
		<truncated>0</truncated>
		<difficult>0</difficult>
		<bndbox>
			<xmin>25</xmin>
			<ymin>93</ymin>
			<xmax>310</xmax>
			<ymax>376</ymax>
		</bndbox>
	</object>
	<object>
		<name>apple</name>
		<pose>Unspecified</pose>
		<truncated>0</truncated>
		<difficult>0</difficult>
		<bndbox>
			<xmin>103</xmin>
			<ymin>5</ymin>
			<xmax>267</xmax>
			<ymax>166</ymax>
		</bndbox>
	</object>
</annotation>
