<annotation>
	<folder>train</folder>
	<filename>orange_11.jpg</filename>
	<path>C:\tensorflow1\models\research\object_detection\images\train\orange_11.jpg</path>
	<source>
		<database>Unknown</database>
	</source>
	<size>
		<width>686</width>
		<height>720</height>
		<depth>3</depth>
	</size>
	<segmented>0</segmented>
	<object>
		<name>orange</name>
		<pose>Unspecified</pose>
		<truncated>1</truncated>
		<difficult>0</difficult>
		<bndbox>
			<xmin>1</xmin>
			<ymin>171</ymin>
			<xmax>532</xmax>
			<ymax>676</ymax>
		</bndbox>
	</object>
</annotation>
