<annotation>
	<folder>train</folder>
	<filename>orange_35.jpg</filename>
	<path>C:\tensorflow1\models\research\object_detection\images\train\orange_35.jpg</path>
	<source>
		<database>Unknown</database>
	</source>
	<size>
		<width>300</width>
		<height>295</height>
		<depth>3</depth>
	</size>
	<segmented>0</segmented>
	<object>
		<name>orange</name>
		<pose>Unspecified</pose>
		<truncated>0</truncated>
		<difficult>0</difficult>
		<bndbox>
			<xmin>5</xmin>
			<ymin>39</ymin>
			<xmax>253</xmax>
			<ymax>295</ymax>
		</bndbox>
	</object>
</annotation>
