<annotation>
	<folder>train</folder>
	<filename>orange_50.jpg</filename>
	<path>C:\tensorflow1\models\research\object_detection\images\train\orange_50.jpg</path>
	<source>
		<database>Unknown</database>
	</source>
	<size>
		<width>573</width>
		<height>430</height>
		<depth>3</depth>
	</size>
	<segmented>0</segmented>
	<object>
		<name>orange</name>
		<pose>Unspecified</pose>
		<truncated>0</truncated>
		<difficult>0</difficult>
		<bndbox>
			<xmin>262</xmin>
			<ymin>52</ymin>
			<xmax>508</xmax>
			<ymax>313</ymax>
		</bndbox>
	</object>
</annotation>
