<annotation>
	<folder>train</folder>
	<filename>orange_42.jpg</filename>
	<path>C:\tensorflow1\models\research\object_detection\images\train\orange_42.jpg</path>
	<source>
		<database>Unknown</database>
	</source>
	<size>
		<width>1969</width>
		<height>1969</height>
		<depth>3</depth>
	</size>
	<segmented>0</segmented>
	<object>
		<name>orange</name>
		<pose>Unspecified</pose>
		<truncated>0</truncated>
		<difficult>0</difficult>
		<bndbox>
			<xmin>102</xmin>
			<ymin>99</ymin>
			<xmax>1969</xmax>
			<ymax>1919</ymax>
		</bndbox>
	</object>
</annotation>
