<annotation>
	<folder>train</folder>
	<filename>orange_64.jpg</filename>
	<path>C:\tensorflow1\models\research\object_detection\images\train\orange_64.jpg</path>
	<source>
		<database>Unknown</database>
	</source>
	<size>
		<width>510</width>
		<height>510</height>
		<depth>3</depth>
	</size>
	<segmented>0</segmented>
	<object>
		<name>orange</name>
		<pose>Unspecified</pose>
		<truncated>0</truncated>
		<difficult>0</difficult>
		<bndbox>
			<xmin>87</xmin>
			<ymin>162</ymin>
			<xmax>311</xmax>
			<ymax>404</ymax>
		</bndbox>
	</object>
</annotation>
