<annotation>
	<folder>train</folder>
	<filename>orange_70.jpg</filename>
	<path>C:\tensorflow1\models\research\object_detection\images\train\orange_70.jpg</path>
	<source>
		<database>Unknown</database>
	</source>
	<size>
		<width>791</width>
		<height>564</height>
		<depth>3</depth>
	</size>
	<segmented>0</segmented>
	<object>
		<name>orange</name>
		<pose>Unspecified</pose>
		<truncated>0</truncated>
		<difficult>0</difficult>
		<bndbox>
			<xmin>368</xmin>
			<ymin>109</ymin>
			<xmax>706</xmax>
			<ymax>470</ymax>
		</bndbox>
	</object>
	<object>
		<name>orange</name>
		<pose>Unspecified</pose>
		<truncated>0</truncated>
		<difficult>0</difficult>
		<bndbox>
			<xmin>58</xmin>
			<ymin>69</ymin>
			<xmax>410</xmax>
			<ymax>432</ymax>
		</bndbox>
	</object>
</annotation>
