<annotation>
	<folder>train</folder>
	<filename>orange_68.jpg</filename>
	<path>C:\tensorflow1\models\research\object_detection\images\train\orange_68.jpg</path>
	<source>
		<database>Unknown</database>
	</source>
	<size>
		<width>602</width>
		<height>477</height>
		<depth>3</depth>
	</size>
	<segmented>0</segmented>
	<object>
		<name>orange</name>
		<pose>Unspecified</pose>
		<truncated>0</truncated>
		<difficult>0</difficult>
		<bndbox>
			<xmin>164</xmin>
			<ymin>36</ymin>
			<xmax>595</xmax>
			<ymax>477</ymax>
		</bndbox>
	</object>
</annotation>
