<annotation>
	<folder>train</folder>
	<filename>orange_59.jpg</filename>
	<path>C:\tensorflow1\models\research\object_detection\images\train\orange_59.jpg</path>
	<source>
		<database>Unknown</database>
	</source>
	<size>
		<width>400</width>
		<height>400</height>
		<depth>3</depth>
	</size>
	<segmented>0</segmented>
	<object>
		<name>orange</name>
		<pose>Unspecified</pose>
		<truncated>0</truncated>
		<difficult>0</difficult>
		<bndbox>
			<xmin>2</xmin>
			<ymin>94</ymin>
			<xmax>203</xmax>
			<ymax>299</ymax>
		</bndbox>
	</object>
</annotation>
