<annotation>
	<folder>train</folder>
	<filename>orange_18.jpg</filename>
	<path>C:\tensorflow1\models\research\object_detection\images\train\orange_18.jpg</path>
	<source>
		<database>Unknown</database>
	</source>
	<size>
		<width>432</width>
		<height>425</height>
		<depth>3</depth>
	</size>
	<segmented>0</segmented>
	<object>
		<name>orange</name>
		<pose>Unspecified</pose>
		<truncated>0</truncated>
		<difficult>0</difficult>
		<bndbox>
			<xmin>11</xmin>
			<ymin>5</ymin>
			<xmax>291</xmax>
			<ymax>306</ymax>
		</bndbox>
	</object>
</annotation>
