<annotation>
	<folder>train</folder>
	<filename>orange_51.jpg</filename>
	<path>C:\tensorflow1\models\research\object_detection\images\train\orange_51.jpg</path>
	<source>
		<database>Unknown</database>
	</source>
	<size>
		<width>602</width>
		<height>400</height>
		<depth>3</depth>
	</size>
	<segmented>0</segmented>
	<object>
		<name>orange</name>
		<pose>Unspecified</pose>
		<truncated>0</truncated>
		<difficult>0</difficult>
		<bndbox>
			<xmin>263</xmin>
			<ymin>43</ymin>
			<xmax>564</xmax>
			<ymax>363</ymax>
		</bndbox>
	</object>
</annotation>
