<annotation>
	<folder>train</folder>
	<filename>orange_4.jpg</filename>
	<path>C:\tensorflow1\models\research\object_detection\images\train\orange_4.jpg</path>
	<source>
		<database>Unknown</database>
	</source>
	<size>
		<width>600</width>
		<height>600</height>
		<depth>3</depth>
	</size>
	<segmented>0</segmented>
	<object>
		<name>orange</name>
		<pose>Unspecified</pose>
		<truncated>0</truncated>
		<difficult>0</difficult>
		<bndbox>
			<xmin>92</xmin>
			<ymin>66</ymin>
			<xmax>546</xmax>
			<ymax>522</ymax>
		</bndbox>
	</object>
</annotation>
