<annotation>
	<folder>train</folder>
	<filename>orange_22.jpg</filename>
	<path>C:\tensorflow1\models\research\object_detection\images\train\orange_22.jpg</path>
	<source>
		<database>Unknown</database>
	</source>
	<size>
		<width>900</width>
		<height>508</height>
		<depth>3</depth>
	</size>
	<segmented>0</segmented>
	<object>
		<name>orange</name>
		<pose>Unspecified</pose>
		<truncated>0</truncated>
		<difficult>0</difficult>
		<bndbox>
			<xmin>75</xmin>
			<ymin>96</ymin>
			<xmax>531</xmax>
			<ymax>465</ymax>
		</bndbox>
	</object>
</annotation>
